章节名,年级
准备课,一年级上册
位置,一年级上册
1~5的认识,一年级上册
认识图形（一）,一年级上册
6~10的认识和加减法,一年级上册
11~20各数的认识,一年级上册
认识钟表,一年级上册
20以内的进位加法,一年级上册
认识图形（二）,一年级下册
20以内的退位减法,一年级下册
分类与整理,一年级下册
100以内数的认识,一年级下册
认识人名币,一年级下册
100以内的加法和减法（一）,一年级下册
找规律,一年级下册
长度单位,二年级上册
100以内的加法和减法（二）,二年级上册
角的初步认识,二年级上册
表内乘法（一）,二年级上册
观察物体（一）,二年级上册
表内乘法（二）,二年级上册
认识时间,二年级上册
数据收集整理,二年级下册
表内除法（一）,二年级下册
图形的运动（一）,二年级下册
表内除法（二）,二年级下册
混合运算,二年级下册
有余数的除法,二年级下册
万以内数的认识,二年级下册
克和千克,二年级下册
数学广角——推理,二年级下册
时、分、秒,三年级上册
万以内的加法和减法（一）,三年级上册
测量,三年级上册
万以内的加法和减法（二）,三年级上册
倍的认识,三年级上册
多位数乘一位数,三年级上册
长方形和正方形,三年级上册
分数的初步认识,三年级上册
数学广角——集合,三年级上册
位置与方向（一）,三年级下册
除数是一位数的除法,三年级下册
统计,三年级下册
两位数乘两位数,三年级下册
面积,三年级下册
年、月、日,三年级下册
小数的初步认识,三年级下册
大数的认识,四年级上册
公顷和平方千米,四年级上册
角的度量,四年级上册
三位数乘两位数,四年级上册
平行四边形和梯形,四年级上册
除数是两位数的除法,四年级上册
条形统计图,四年级上册
数学广角—优化,四年级上册
四则运算,四年级下册
观察物体(二),四年级下册
运算定律,四年级下册
小数的意义和性质,四年级下册
三角形,四年级下册
小数的加法和减法,四年级下册
图形的运动（二),四年级下册
统计,四年级下册
小数乘法,五年级上册
小数除法,五年级上册
可能性,五年级上册
简易方程,五年级上册
多边形的面积,五年级上册
数学广角-植树问题,五年级上册
观察物体（三）,五年级下册
因数与倍数,五年级下册
长方体和正方体,五年级下册
分数的意义和性质,五年级下册
图形的运动（三）,五年级下册
分数的加法和减法,五年级下册
统计,五年级下册
分数乘法,六年级上册
位置与方向（二）,六年级上册
分数除法,六年级上册
比,六年级上册
圆,六年级上册
百分数（一）,六年级上册
扇形统计图,六年级上册
数学广角-数与形,六年级上册
负数,六年级下册
百分数（二),六年级下册
圆柱与圆锥,六年级下册
比例,六年级下册
数学广角,六年级下册
